,question,doc1,doc2,doc3,doc4,doc5
0,What was the original name of Sum 41?,"Sum 41 is a Canadian rock band from Ajax, Ontario. The band was formed in 1996 and currently consists of Deryck Whibley (lead vocals, guitars, keyboards), Dave Baksh (lead guitar, backing vocals), Jason McCaslin (bass, backing vocals), Tom Thacker (guitars, keyboards, backing vocals), and Frank Zummo (drums, occasional backing vocals). URL: https://en.wikipedia.org/wiki/Sum_41","
In 1999, Sum 41 signed an international record deal with Island Records and released its first EP, Half Hour of Power, in 2000. The band released its debut album, All Killer No Filler, in 2001. URL: https://en.wikipedia.org/wiki/Sum_41","
In honor of Pelletier, Sum 41 named its next album Chuck; it was released on October 12, 2004. The album charted at number 10 on the Billboard 200 chart. URL: https://en.wikipedia.org/wiki/Sum_41"," Sum 41 was nominated for a Grammy Award for Best Hard Rock/Metal Performance for the song ""Blood in My Eyes"". From their formation to 2016, Sum 41 were the 31st best-selling Canadian artist in Canada. URL: https://en.wikipedia.org/wiki/Sum_41",", Rob Base and DJ E-Z Rock, Metallica, Guns N' Roses, and Iron Maiden.
Sum 41 has inspired modern artists such as 5 Seconds of Summer, Seaway, Dune Rats, Marshmello, PVRIS, Trash Boat, Neck Deep, the Vamps, Bully, Waterparks, and Roam. URL: https://en.wikipedia.org/wiki/Sum_41"
1,What is the name of the lead singer of Blink-182?,"Blink-182 is an American rock band formed in Poway, California in 1992. Their current and best-known line-up consists of bassist and vocalist Mark Hoppus, guitarist and vocalist Tom DeLonge, and drummer Travis Barker. URL: https://en.wikipedia.org/wiki/Blink-182"," == History == === Formation and initial years (1992–1994) === blink-182, originally named only Blink, was formed in August 1992 in Poway, California, a northern suburb of San Diego. Guitarist Tom DeLonge was expelled from Poway High School for being drunk at a basketball game and was forced to attend another school, Rancho Bernardo High School, for one semester. URL: https://en.wikipedia.org/wiki/Blink-182","] their presence is everywhere."" ""When it comes to having inestimable influence, blink-182 might well be contemporary punk's version of the Beatles"", wrote Scott Heisel in a 2009 Alternative Press cover story on the band. URL: https://en.wikipedia.org/wiki/Blink-182"," After legal battles with DeLonge were worked out, Skiba joined blink-182 as an official member and began preparations for new music. The resulting album, California, was produced by John Feldmann, the group's first new producer since long-time collaborator Jerry Finn. URL: https://en.wikipedia.org/wiki/Blink-182","
blink-182's straightforward approach and simple arrangements, which helped initiate pop-punk's second mainstream rise, made them popular among generations of audiences. Worldwide, the group has sold 50 million albums and moved 15. URL: https://en.wikipedia.org/wiki/Blink-182"
2,What was the title of Nirvana's breakthrough album released in 1991?,"
Characterized by a punk aesthetic, Nirvana's fusion of pop melodies with noise, combined with its themes of abjection and social alienation, brought them global popularity. Following extensive tours and the 1992 compilation album Incesticide and EP Hormoaning, the band released its highly anticipated third studio album, In Utero (1993). URL: https://en.wikipedia.org/wiki/Nirvana_(band)","
In the late 1980s, Nirvana established itself as part of the Seattle grunge scene, releasing its first album, Bleach, for the independent record label Sub Pop in 1989. They developed a sound that relied on dynamic contrasts, often between quiet verses and loud, heavy choruses. URL: https://en.wikipedia.org/wiki/Nirvana_(band)"," The album topped both the US and UK album charts, and was acclaimed by critics. Nirvana disbanded following Cobain's suicide in April 1994. URL: https://en.wikipedia.org/wiki/Nirvana_(band)",""" === 1991–1992: Nevermind and mainstream breakthrough ===
Disenchanted with Sub Pop, and with the Smart Studios sessions generating interest, Nirvana sought a deal with a major record label since no indie label could buy them out of their contract. Cobain and Novoselic consulted Soundgarden and Alice in Chains manager Susan Silver for advice. URL: https://en.wikipedia.org/wiki/Nirvana_(band)"," The songs are now about conflicts in relationships, emotional things with other human beings."" In April 1990, Nirvana began working on their next album with producer Butch Vig at Smart Studios in Madison, Wisconsin. URL: https://en.wikipedia.org/wiki/Nirvana_(band)"
3,What does Rhodes Statue look like?," He described them as ""inferior sketches of works-in-progress, sent to Seattle for Chris to work on. Someone at that studio helped themselves to a copy and, after eight months, it made its way to an Italian website. URL: https://en.wikipedia.org/wiki/Audioslave"," For their second album, Origin of Symmetry (2001), Muse aimed to craft a ""heavier"", more aggressive sound. Their third album, Absolution (2003), features prominent string arrangements and drew influences from artists such as Queen. URL: https://en.wikipedia.org/wiki/Muse_(band)"," Eight days later, they put out a teaser video with the captions ""RAK Studios. London, England. URL: https://en.wikipedia.org/wiki/Green_Day"," To celebrate the tenth anniversary of their album Origin of Symmetry (2001), Muse performed all eleven tracks. Muse also headlined Lollapalooza in Chicago's Grant Park in August 2011. URL: https://en.wikipedia.org/wiki/Muse_(band)"," They undertook a second North American leg alongside Pierce the Veil midway through the year, and headlined Reading and Leeds in the U.K. URL: https://en.wikipedia.org/wiki/Blink-182"
4,"Green Day's ""American Idiot"" is a rock opera. What's the story it tells?"," Green Day's seventh album, a rock opera called American Idiot (2004), found popularity with a younger generation, selling six million copies in the U.S. URL: https://en.wikipedia.org/wiki/Green_Day"," The show features an expanded story of the original album, with new characters such as Will, Extraordinary Girl, and Favorite Son. On April 20, 2010, American Idiot opened on Broadway, and Green Day released the soundtrack to the musical, featuring a new song by Green Day titled ""When It's Time"". URL: https://en.wikipedia.org/wiki/Green_Day"," Backed by the success of the album's first single ""American Idiot"", it was the band's first album to reach this pinnacle. American Idiot was labeled a punk rock opera and follows the journey of the fictitious ""Jesus of Suburbia"". URL: https://en.wikipedia.org/wiki/Green_Day",""" He concluded that ""American Idiot, despite its earnest huffing and puffing, remains little more than an annotated rock concert. . URL: https://en.wikipedia.org/wiki/Green_Day","
In 2009, the band collaborated with theater director Michael Mayer to adapt the group's rock opera American Idiot into a one-act stage musical that premiered at the Berkeley Rep on September 15, 2009. The show then moved to Broadway on April 20, 2010. URL: https://en.wikipedia.org/wiki/Green_Day"
5,Who was the lead singer of The Cure?,"The Cure are an English rock band formed in Crawley, West Sussex in 1976. Throughout numerous lineup changes since the band's formation, guitarist, lead vocalist, and songwriter Robert Smith has remained the only constant member, though bassist Simon Gallup has been present for all but about three years of the band's history. URL: https://en.wikipedia.org/wiki/The_Cure", (1989). The Cure: Songwords 1978–1989. URL: https://en.wikipedia.org/wiki/The_Cure," Melody Maker praised the album as ""psychedelia that can't be dated"", while pondering, ""I've yet to meet anyone who can tell me why the Cure are having hits now of all times."" The Cure then embarked on their worldwide Top Tour with Thompson and Anderson, along with Phil Thornalley who had produced The Top and assumed bass duties for live performances. URL: https://en.wikipedia.org/wiki/The_Cure"," Artists who have cited their influence by or appreciation for the Cure include Billy Corgan of the Smashing Pumpkins, Slowdive, Ride, My Bloody Valentine, Miki Berenyi of Lush, Britt Daniel of Spoon, Beach House, Chvrches, Blink-182, Interpol, Manic Street Preachers, AFI, Deftones, Placebo, Mogwai, Korn, Foals, Drab Majesty, Converge, Tim Kasher of Cursive, Geoff Rickly of Thursday, and Alvvays.
The Rock and Roll Hall of Fame chose the Cure for induction in its Class of 2019. URL: https://en.wikipedia.org/wiki/The_Cure"," Released in late 1984, the Cure's first live album, Concert, consisted of performances from this tour. Near the tour's end, Anderson was fired for destructive behaviour, and was temporarily replaced for a few shows by Vince Ely of the Psychedelic Furs. URL: https://en.wikipedia.org/wiki/The_Cure"
6,Audioslave was formed by members of two iconic bands. Can you name the bands and discuss the sound of Audioslave in comparison?,""" == Musical style and influences ==
Audioslave's musical style has generally been regarded as hard rock, alternative metal, post-grunge, and alternative rock. By combining 1970s style hard rock riffing with alternative rock, Audioslave created a distinctive sound. URL: https://en.wikipedia.org/wiki/Audioslave"," Critics first described Audioslave as a combination of Soundgarden and Rage Against the Machine, but by the band's second album, Out of Exile, it was noted that they had established a separate identity. Their unique sound was created by blending 1970s hard rock and 1990s alternative rock, with musical influences that included 1960s funk, soul and R&B. URL: https://en.wikipedia.org/wiki/Audioslave"," They were characterised by his cryptic approach, often dealing with themes of existentialism, love, hedonism, spirituality and Christianity. Audioslave's first two albums drew influences from 1970s hard rock and heavy metal such as Led Zeppelin and Black Sabbath and from the members' previous bands (the grunge sound of Soundgarden and the funk metal sound of Rage Against the Machine). URL: https://en.wikipedia.org/wiki/Audioslave","Audioslave was an American rock supergroup formed in Glendale, California, in 2001. The four-piece band consisted of Soundgarden's lead singer and rhythm guitarist Chris Cornell with Rage Against the Machine members Tom Morello (lead guitar), Tim Commerford (bass/backing vocals), and Brad Wilk (drums). URL: https://en.wikipedia.org/wiki/Audioslave"," The new funk and soul influences were also welcomed favorably; Allmusic called the album Audioslave's ""most colorful, diverse, and consistent record yet."" Many others, however, saw it as ""just another rock record"", and musically not much different from the previous album. URL: https://en.wikipedia.org/wiki/Audioslave"
7,"Evanescence's ""Bring Me to Life"" features a male vocalist. Who is he, and how does his voice complement Amy Lee's in the song?"," Amy is very artistic and never has had a problem thinking outside of the box and defying expectations."" Lee called former Cold guitarist Terry Balsamo, with whom Evanescence had toured, to replace Moody on the Fallen tour. URL: https://en.wikipedia.org/wiki/Evanescence"," AllMusic's Stephen Thomas Erlewine wrote of Evanescence's musical evolution: ""Over the years and through multiple lineup shifts, the band persevered under Lee's helm, eventually shifting from the radio-friendly anthems of their early days into a shimmering, classically inspired symphonic alternative outfit in the 2010s"".
Lee is Evanescence's main songwriter since its start. URL: https://en.wikipedia.org/wiki/Evanescence"," The band recorded the album at Blackbird Studio, Nashville. During an interview with Kerrang!, Lee revealed that the new album's title will be Evanescence. URL: https://en.wikipedia.org/wiki/Evanescence","
A few weeks later, the label relented, informing them that they would release their album if they agreed to have a male rapper on its lead single, ""Bring Me to Life"", in order to give something familiar to listeners. Lee was not happy about this, but reluctantly agreed to the compromise and wrote the part for the male vocal. URL: https://en.wikipedia.org/wiki/Evanescence","Evanescence is an American rock band founded in 1994 by singer and keyboardist Amy Lee and guitarist Ben Moody in Little Rock, Arkansas. After releasing independent EPs as a duo in the late '90s and a demo CD, Evanescence released their debut studio album, Fallen, on Wind-up Records in 2003. URL: https://en.wikipedia.org/wiki/Evanescence"
8,What is Sum 41's debut studio album called?,"Sum 41 is a Canadian rock band from Ajax, Ontario. The band was formed in 1996 and currently consists of Deryck Whibley (lead vocals, guitars, keyboards), Dave Baksh (lead guitar, backing vocals), Jason McCaslin (bass, backing vocals), Tom Thacker (guitars, keyboards, backing vocals), and Frank Zummo (drums, occasional backing vocals). URL: https://en.wikipedia.org/wiki/Sum_41"," Following the album's release, the band went on a tour with Good Charlotte until 2006. On December 21, 2005, Sum 41 released a live album, Happy Live Surprise, in Japan. URL: https://en.wikipedia.org/wiki/Sum_41","
In 1999, Sum 41 signed an international record deal with Island Records and released its first EP, Half Hour of Power, in 2000. The band released its debut album, All Killer No Filler, in 2001. URL: https://en.wikipedia.org/wiki/Sum_41","
In honor of Pelletier, Sum 41 named its next album Chuck; it was released on October 12, 2004. The album charted at number 10 on the Billboard 200 chart. URL: https://en.wikipedia.org/wiki/Sum_41"," Sum 41 was nominated for a Grammy Award for Best Hard Rock/Metal Performance for the song ""Blood in My Eyes"". From their formation to 2016, Sum 41 were the 31st best-selling Canadian artist in Canada. URL: https://en.wikipedia.org/wiki/Sum_41"
9,How many languages are there?, 4 in the US and No. 8 in the United Kingdom. URL: https://en.wikipedia.org/wiki/Dire_Straits,. possibly five shows. URL: https://en.wikipedia.org/wiki/The_Smiths," There's not an accent then on the music, there's an accent on popularity. I needed a rest. URL: https://en.wikipedia.org/wiki/Dire_Straits"," It has sold more than 17 million worldwide, including 10 million in the US, since its release.
In 2023, Lee recalled the journey of early success, stating that ""there was a lot to be excited about, but there was a lot of hard stuff going on in the background. URL: https://en.wikipedia.org/wiki/Evanescence"," 7 US), and ""Your Latest Trick"" (No. 26 UK). URL: https://en.wikipedia.org/wiki/Dire_Straits"
10,What did Einstein win the Nobel Prize for?," He performed with them until 2022.
Black Holes and Revelations was nominated for the 2006 Mercury Music Prize, but lost to Arctic Monkeys. URL: https://en.wikipedia.org/wiki/Muse_(band)"," He called him ""the angel at the crossroads"" because ""if it wasn't for him, I wouldn't be here today"".
The chemistry with Cornell was immediately apparent. URL: https://en.wikipedia.org/wiki/Audioslave"," The Grammy Awards are awarded annually by the Recording Academy of the United States for outstanding achievements in the music industry. Often considered the highest music honour, the awards were established in 1958. URL: https://en.wikipedia.org/wiki/The_Cure","
Thompson, Dave (October 2005). In Between Days: An Armchair Guide to The Cure. URL: https://en.wikipedia.org/wiki/The_Cure"," In 2023, Nirvana (represented by Novoselic, Grohl, and Smear) were awarded a Lifetime Achievement Award at the 2023 Grammy Awards. == Band members == === Timeline === == Discography == Bleach (1989)
Nevermind (1991)
In Utero (1993) == See also == List of alternative rock artists
List of musicians from Seattle
List of Nirvana concerts == References == === Bibliography ===
Azerrad, Michael. URL: https://en.wikipedia.org/wiki/Nirvana_(band)"
11,What What does Rhodes Statue look like?," He described them as ""inferior sketches of works-in-progress, sent to Seattle for Chris to work on. Someone at that studio helped themselves to a copy and, after eight months, it made its way to an Italian website. URL: https://en.wikipedia.org/wiki/Audioslave"," For their second album, Origin of Symmetry (2001), Muse aimed to craft a ""heavier"", more aggressive sound. Their third album, Absolution (2003), features prominent string arrangements and drew influences from artists such as Queen. URL: https://en.wikipedia.org/wiki/Muse_(band)"," Eight days later, they put out a teaser video with the captions ""RAK Studios. London, England. URL: https://en.wikipedia.org/wiki/Green_Day"," They undertook a second North American leg alongside Pierce the Veil midway through the year, and headlined Reading and Leeds in the U.K. URL: https://en.wikipedia.org/wiki/Blink-182",". Academy of Arts & Sciences full-time, devoted to investigating UFOs. URL: https://en.wikipedia.org/wiki/Blink-182"
12,Who was the lead singer of Audioslave?,"Audioslave was an American rock supergroup formed in Glendale, California, in 2001. The four-piece band consisted of Soundgarden's lead singer and rhythm guitarist Chris Cornell with Rage Against the Machine members Tom Morello (lead guitar), Tim Commerford (bass/backing vocals), and Brad Wilk (drums). URL: https://en.wikipedia.org/wiki/Audioslave"," He stated: ""The band has only ever had one name, and that is Audioslave."" Morello described the origin of the ""Audioslave"" name to LAUNCHcast as follows: That was Chris' suggestion that sort of came to him in a vision. URL: https://en.wikipedia.org/wiki/Audioslave"," This time, the band chose Out of Exile's mixer, Brendan O'Brien, as producer. Audioslave had 20 songs written and recorded, 16 of those in only three weeks. URL: https://en.wikipedia.org/wiki/Audioslave"," As with Rage Against the Machine, the band prided themselves on the fact that all sounds on their albums were produced using only guitars, bass, drums, and vocals, with emphasis on Cornell's wide vocal range and Morello's unconventional guitar solos.
In their six years together, Audioslave released three albums, received three Grammy nominations, sold more than eight million records worldwide and became the first American rock band to perform an open-air concert in Cuba. URL: https://en.wikipedia.org/wiki/Audioslave","
The band's debut album, Audioslave, was released on November 19, 2002, and entered the Billboard 200 chart at No. 7 after selling 162,000 copies in its first week. URL: https://en.wikipedia.org/wiki/Audioslave"
13,Who has the most followers on Instagram?," They have achieved 10 Top 40 hits on the Billboard Alternative Songs chart, including five number-ones. Two of their studio albums and two of their live albums have reached the top spot on the Billboard 200. URL: https://en.wikipedia.org/wiki/Nirvana_(band)"," ""But really, whatever makes me feel the most, that's what's on the record, because that's what I need to get off my chest.""
Evanescence debuted at the top of the Billboard 200 with sales of 127,000 in the US, becoming the band's second number one album on the chart after The Open Door. URL: https://en.wikipedia.org/wiki/Evanescence"," The same magazine later ranked Blink the fourth of the ""30 Most Influential Bands of the Past 30 Years,"" just behind Radiohead, Fugazi, and Nirvana. Bands such as Panic! at the Disco and All Time Low originated covering blink-182 songs, while You Me at Six and 5 Seconds of Summer have also named the band as influences. URL: https://en.wikipedia.org/wiki/Blink-182","
blink-182's straightforward approach and simple arrangements, which helped initiate pop-punk's second mainstream rise, made them popular among generations of audiences. Worldwide, the group has sold 50 million albums and moved 15. URL: https://en.wikipedia.org/wiki/Blink-182"," R. Brown and included shots of the band members, at home due to the pandemic. URL: https://en.wikipedia.org/wiki/Evanescence"
14,"When was Nirvana's first studio album, ""Bleach,"" released?","
In the late 1980s, Nirvana established itself as part of the Seattle grunge scene, releasing its first album, Bleach, for the independent record label Sub Pop in 1989. They developed a sound that relied on dynamic contrasts, often between quiet verses and loud, heavy choruses. URL: https://en.wikipedia.org/wiki/Nirvana_(band)","
Bleach was released in June 1989, and became a favorite of college radio stations. Nirvana embarked on its first national tour, but canceled the last few dates and returned to Washington state due to increasing differences with Everman. URL: https://en.wikipedia.org/wiki/Nirvana_(band)"," === 1988–1990: Early releases ===
Nirvana released its first single, a cover of Shocking Blue's ""Love Buzz"", in November 1988 on the Seattle independent record label Sub Pop. They did their first interview with John Robb in Sounds, which made their release its single of the week. URL: https://en.wikipedia.org/wiki/Nirvana_(band)"," In 1996, the live album From the Muddy Banks of the Wishkah became the third consecutive Nirvana release to debut at the top of the Billboard album chart. === 1997–2006: Conflicts with Courtney Love ===
In 1997, Novoselic, Grohl and Love formed the limited liability company Nirvana LLC to oversee Nirvana projects. URL: https://en.wikipedia.org/wiki/Nirvana_(band)","
Cobain described Nirvana's initial sound as ""a Gang of Four and Scratch Acid ripoff"". When Nirvana recorded Bleach, Cobain felt he had to fit the expectations of the Sub Pop grunge sound to build a fanbase, and suppressed his arty and pop songwriting in favor of a more rock sound. URL: https://en.wikipedia.org/wiki/Nirvana_(band)"
15,Were the Smiths an influential band?,"The Smiths were an English rock band formed in Manchester in 1982, composed of Morrissey (vocals), Johnny Marr (guitar), Andy Rourke (bass) and Mike Joyce (drums). Morrissey and Marr formed the band’s songwriting partnership. URL: https://en.wikipedia.org/wiki/The_Smiths"," into a relationship with him and his music instead of the world."" == Legacy ==
The Smiths have been widely influential. URL: https://en.wikipedia.org/wiki/The_Smiths"," The Smiths are regarded as one of the most important acts to emerge from 1980s British independent music.
The Smiths signed to the independent label Rough Trade Records in 1983 and released their debut album, The Smiths, in 1984. URL: https://en.wikipedia.org/wiki/The_Smiths"," By late 1982, Morrissey had chosen the band name the Smiths. He said later that ""it was the most ordinary name and I thought it was time that the ordinary folk of the world showed their faces"". URL: https://en.wikipedia.org/wiki/The_Smiths"," In 2001, Marr said Radiohead were the act that had ""come closest to the genuine influence of the Smiths"".
Alex Turner of the English rock band Arctic Monkeys cited the Smiths as a formative influence. URL: https://en.wikipedia.org/wiki/The_Smiths"
16,What is the name of Evanescence's debut album?,".] It's not just a straightforward 'next Evanescence album'"". URL: https://en.wikipedia.org/wiki/Evanescence"," The band recorded the album at Blackbird Studio, Nashville. During an interview with Kerrang!, Lee revealed that the new album's title will be Evanescence. URL: https://en.wikipedia.org/wiki/Evanescence"," In 2016, Lee stated that Evanescence was working on a fourth album, Synthesis (2017), composed of orchestral and electronica arrangements of their previous material alongside two new songs. Its release was followed by the Synthesis Live tour, in which the band performed with live orchestras for the first time. URL: https://en.wikipedia.org/wiki/Evanescence"," When she heard ""My Immortal"" she said she ""knew it was a hit"". Evanescence was signed by Wind-up in 2001. URL: https://en.wikipedia.org/wiki/Evanescence","Evanescence is an American rock band founded in 1994 by singer and keyboardist Amy Lee and guitarist Ben Moody in Little Rock, Arkansas. After releasing independent EPs as a duo in the late '90s and a demo CD, Evanescence released their debut studio album, Fallen, on Wind-up Records in 2003. URL: https://en.wikipedia.org/wiki/Evanescence"
17,Which band was Morrissey the lead singer of before he formed The Smiths?,"The Smiths were an English rock band formed in Manchester in 1982, composed of Morrissey (vocals), Johnny Marr (guitar), Andy Rourke (bass) and Mike Joyce (drums). Morrissey and Marr formed the band’s songwriting partnership. URL: https://en.wikipedia.org/wiki/The_Smiths"," By late 1982, Morrissey had chosen the band name the Smiths. He said later that ""it was the most ordinary name and I thought it was time that the ordinary folk of the world showed their faces"". URL: https://en.wikipedia.org/wiki/The_Smiths","
As frontman of the Smiths, Morrissey subverted many of the norms that were associated with pop and rock music. The band's aesthetic simplicity was a reaction to the excess personified by the New Romantics, and while Morrissey adopted an androgynous appearance like the New Romantics or earlier glam rockers, his was far more subtle and understated. URL: https://en.wikipedia.org/wiki/The_Smiths"," Morrissey's songwriting was influenced by punk rock and post-punk bands such as New York Dolls, the Cramps, the Specials and the Cult, along with 1960s girl groups and singers such as Dusty Springfield, Sandie Shaw, Marianne Faithfull and Timi Yuro. Morrissey's lyrics, while superficially depressing, were often full of mordant humour; John Peel remarked that the Smiths were one of the few bands capable of making him laugh out loud. URL: https://en.wikipedia.org/wiki/The_Smiths","
In August 2024, Morrissey said in a post on his website, Morrissey Central, that he and Marr had received a ""lucrative offer"" to tour as the Smiths in 2025. The singer claimed that he accepted the invitation, but that Marr did not respond. URL: https://en.wikipedia.org/wiki/The_Smiths"
18,Whose the father of Luke Skywalker?, It was almost surreal that an hour later his dad died. It was almost not believable. URL: https://en.wikipedia.org/wiki/Muse_(band)," They also released the single, ""Father of All.. URL: https://en.wikipedia.org/wiki/Green_Day","."" off their thirteenth album, Father of All Motherfuckers. URL: https://en.wikipedia.org/wiki/Green_Day", Paul A. Woods (ed. URL: https://en.wikipedia.org/wiki/The_Smiths," Howard's father, William Howard, who attended the festival to watch the band, died from a heart attack shortly after the performance. Bellamy said: ""It was the biggest feeling of achievement we've ever had after coming offstage. URL: https://en.wikipedia.org/wiki/Muse_(band)"
19,What type of music plays Coldplay?," I just play Cure music, whatever that is."" While typically viewed as producers of dark and gloomy music, the Cure have also yielded a number of upbeat songs and been part of the new wave movement. URL: https://en.wikipedia.org/wiki/The_Cure"," Morrissey had organised the gig's aesthetic; the band came onstage to Klaus Nomi's version of Henry Purcell's ""The Cold Song"" playing through the venue's sound system before his friend James Maker stepped onstage to introduce the band. Maker remained onstage during the performance, relating that ""I was given a pair of maracas – an optional extra – and carte blanche. URL: https://en.wikipedia.org/wiki/The_Smiths"," ""New York is gloomy, dark and cold. It makes different music. URL: https://en.wikipedia.org/wiki/Blink-182"," would be the feel-good musical of the season"". Time magazine's Richard Zoglin opined that the score ""is as pure a specimen of contemporary punk rock as Broadway has yet encountered, [yet] there's enough variety. URL: https://en.wikipedia.org/wiki/Green_Day","
Dire Straits drew from influences including country, folk, the blues rock of J. J. URL: https://en.wikipedia.org/wiki/Dire_Straits"
20,"Dire Straits' hit song ""Money for Nothing"" features a guest vocal by a famous artist. Who is this artist?","
In 1990, Dire Straits (Knopfler, Illsley, Clark and Fletcher), performed alongside Eric Clapton and his band at the Knebworth Festival, playing ""Solid Rock"", ""Money for Nothing"" and ""I Think I Love You Too Much"". Knopfler explained that the latter was an experimental song and was unsure if they should record it on a following record. URL: https://en.wikipedia.org/wiki/Dire_Straits"," Both Hakim and Williams are credited on the album, although Williams’ sole contribution on the finished album was the improvised crescendo at the beginning of ""Money for Nothing"". According to another interview with Neil Dorsman, Williams played toms and tom fills throughout ""Money for Nothing"", while Omar Hakim played drums on all the remaining tracks on the album. URL: https://en.wikipedia.org/wiki/Dire_Straits"," The album spent 34 weeks at number 1 on the Australian ARIA Charts, and it remains the longest-running number one album in Australia. The album featured a more lavish production and overall sound than Dire Straits' earlier work and spawned several big chart singles: ""Money for Nothing"", which reached number 1 on the US Billboard Hot 100, and number 4 in the UK Singles Chart, ""So Far Away"" (No. URL: https://en.wikipedia.org/wiki/Dire_Straits"," ""Money for Nothing"" was the first video to be played on MTV in the UK and featured guest vocals by Sting, who is credited with co-writing the song with Mark Knopfler, although it was the inclusion of the melody from ""Don't Stand So Close To Me"" that triggered the copyright credit, as no actual lyrics were written by Sting. It also won a Grammy Award for Best Rock Performance by a Duo or Group with Vocal in February 1986. URL: https://en.wikipedia.org/wiki/Dire_Straits"," Featuring material from the majority of Dire Straits' studio albums and Knopfler's solo and soundtrack material, it was released in two editions, a single CD with a grey cover and a double CD in a blue cover. The only previously unreleased track on the album, ""All the Roadrunning"", was a duet with singer Emmylou Harris. URL: https://en.wikipedia.org/wiki/Dire_Straits"
21,"Who played the song ""Like a stone""?"," It was certified gold, making it Audioslave's most successful single. The music video for ""Like a Stone"" was written and directed by Meiert Avis. URL: https://en.wikipedia.org/wiki/Audioslave","""
""Like a Stone"", the second single from Audioslave, was released in early 2003. It was the highest-charting single from the album, reaching number one on Billboard's Mainstream Rock Tracks and Modern Rock Tracks charts. URL: https://en.wikipedia.org/wiki/Audioslave"," === Out of Exile (2004–2005) ===
In 2004, at the 46th Grammy Awards, ""Like a Stone"" was nominated for ""Best Hard Rock Performance"" and Audioslave for ""Best Rock Album"". They spent the rest of 2004 on break from touring and working on the second album. URL: https://en.wikipedia.org/wiki/Audioslave"," They called themselves Malice and rehearsed David Bowie, Jimi Hendrix and Alex Harvey songs in a local church hall. By late April 1976, Ceccagno and the other two members had left, and Tolhurst (drums), Martin Creasy (vocals), and Porl Thompson (guitar) had joined the band. URL: https://en.wikipedia.org/wiki/The_Cure"," The band played in the United Kingdom and the United States, but did not prosper. In the same year they recorded demos with Paul Arthurs (Oasis), Aziz Ibrahim and Rowetta Idah (Happy Mondays) under the name Moondog One, but the project went no further. URL: https://en.wikipedia.org/wiki/The_Smiths"
22,What is the most interesting thing you know?," In October, Marr said on BBC Radio 5 Live: ""Stranger things have happened so, you know, who knows? .. URL: https://en.wikipedia.org/wiki/The_Smiths","] something you don’t really want"". Knopfler said: ""I had an absolute ball for as long as it lasted, until it got so big that I didn't know the names of all the roadies [. URL: https://en.wikipedia.org/wiki/Dire_Straits"," In a November 21, 2019, Reddit AMA, Lee said of the album, ""It's dark and heavy. Its also got moments of weird and sparse. URL: https://en.wikipedia.org/wiki/Evanescence"," That's fairly unusual, very rare indeed.. URL: https://en.wikipedia.org/wiki/The_Smiths", We want to do something different. We want to do our own thing. URL: https://en.wikipedia.org/wiki/Sum_41
