,model_name,question,model_answer,critic_answer
0,gemini-1.5-flash-latest,What was the original name of Sum 41?,"The context does not provide the original name of Sum 41. 
","The answer claims that the context does not provide the original name of Sum 41. 

* The first source states that Sum 41 is a Canadian rock band from Ajax, Ontario. This implies that ""Sum 41"" is the band's name. 

Therefore, the answer is incorrect. 

**Answer: no** 
"
1,gemini-1.5-flash-latest,What is the name of the lead singer of Blink-182?,"The lead singer of Blink-182 is **Tom DeLonge**. 

This information is found in the context: ""Their current and best-known line-up consists of bassist and vocalist Mark Hoppus, guitarist and vocalist Tom DeLonge, and drummer Travis Barker."" 
","The answer states that Tom DeLonge is the lead singer of Blink-182. The source states that Tom DeLonge is a guitarist and vocalist. While this means he is a vocalist, it doesn't explicitly state he is the lead singer. 

Therefore, the answer is not fully consistent with the source. 

**[no]** 
"
2,gemini-1.5-flash-latest,What was the title of Nirvana's breakthrough album released in 1991?,"Nirvana's breakthrough album released in 1991 was **Nevermind**. 

Source: https://en.wikipedia.org/wiki/Nirvana_(band) 
","Reasoning:

1. The answer states that Nirvana's breakthrough album was released in 1991 and was called ""Nevermind"".
2. The source provided is the Wikipedia page for Nirvana.
3. The Wikipedia page mentions that Nirvana's breakthrough album was ""Nevermind"" and that it was released in 1991. 
4. The Wikipedia page also mentions that Nirvana was disenchanted with Sub Pop and sought a deal with a major record label, which led to the release of ""Nevermind"".

Therefore, the answer is consistent with the source.

**Answer: yes** 
"
3,gemini-1.5-flash-latest,What does Rhodes Statue look like?,"The context does not provide information about the appearance of the Rhodes Statue. 
","The answer states that the context does not provide information about the appearance of the Rhodes Statue. 

The provided sources are about various bands and their albums, studio work, and performances. None of the sources mention anything about the Rhodes Statue. 

Therefore, the answer is consistent with the sources.

**Answer: yes** 
"
4,gemini-1.5-flash-latest,"Green Day's ""American Idiot"" is a rock opera. What's the story it tells?","The rock opera ""American Idiot"" follows the journey of the fictitious ""Jesus of Suburbia"". 
URL: https://en.wikipedia.org/wiki/Green_Day 
","Reasoning:

1. The answer states that ""American Idiot"" follows the journey of the fictitious ""Jesus of Suburbia"". 
2. Source 3 states that ""American Idiot was labeled a punk rock opera and follows the journey of the fictitious ""Jesus of Suburbia"". 
3. This information directly supports the answer.

Therefore, the answer is consistent with the sources.

**Answer: yes** 
"
5,gemini-1.5-flash-latest,Who was the lead singer of The Cure?,"Robert Smith is the lead singer of The Cure. 
Source: https://en.wikipedia.org/wiki/The_Cure 
","The answer states that Robert Smith is the lead singer of The Cure. The first source states that Robert Smith is the lead vocalist of The Cure. 

Therefore, the answer is consistent with the sources. 

**[yes]** 
"
6,gemini-1.5-flash-latest,Audioslave was formed by members of two iconic bands. Can you name the bands and discuss the sound of Audioslave in comparison?,"Audioslave was formed by members of **Soundgarden** and **Rage Against the Machine**. 

Audioslave's sound was initially described as a combination of these two bands, but they eventually developed a unique identity. They blended 1970s hard rock with 1990s alternative rock, incorporating influences from 1960s funk, soul, and R&B. This resulted in a sound that was heavier and more experimental than Soundgarden, but less politically charged than Rage Against the Machine. 

Source: https://en.wikipedia.org/wiki/Audioslave 
","Here's a breakdown of the answer's consistency with the sources:

1. **Band Formation:** The answer correctly states that Audioslave was formed by members of Soundgarden and Rage Against the Machine. This is directly supported by the fourth source, which lists the band members and their previous bands. 
2. **Initial Sound:** The answer accurately describes the initial perception of Audioslave's sound as a combination of Soundgarden and Rage Against the Machine. This is confirmed by the second source.
3. **Unique Identity:** The answer states that Audioslave developed a unique identity. This is also supported by the second source, which mentions that by their second album, they had established a distinct sound.
4. **Musical Blending:** The answer correctly describes Audioslave's sound as a blend of 1970s hard rock and 1990s alternative rock, with influences from 1960s funk, soul, and R&B. This information is found in the second and third sources.
5. **Comparison to Previous Bands:** The answer claims Audioslave's sound was heavier and more experimental than Soundgarden, but less politically charged than Rage Against the Machine. While the sources mention the influences of Soundgarden and Rage Against the Machine, they don't explicitly compare Audioslave's sound to these bands in terms of heaviness, experimentation, or political charge. This part of the answer is not directly supported by the sources.

**Therefore, the answer is partially consistent with the sources.** 

**Answer: No** 
"
7,gemini-1.5-flash-latest,"Evanescence's ""Bring Me to Life"" features a male vocalist. Who is he, and how does his voice complement Amy Lee's in the song?","The context states that Evanescence's label insisted on having a male rapper on their lead single, ""Bring Me to Life"", to give something familiar to listeners.  Amy Lee reluctantly agreed to the compromise and wrote the part for the male vocal.  However, the context does not specify who the male vocalist is or how his voice complements Amy Lee's in the song. 
","The answer states that Amy Lee reluctantly agreed to the label's request to have a male rapper on ""Bring Me to Life"" and wrote the part for the male vocal. This information is directly supported by the fourth source. 

However, the answer also claims that the context does not specify who the male vocalist is or how his voice complements Amy Lee's in the song. This is incorrect. The fourth source clearly states that the label wanted a male rapper on the song, implying that the male vocalist is a rapper. 

Therefore, the answer is not entirely consistent with the sources. 

**Answer: no** 
"
8,gemini-1.5-flash-latest,What is Sum 41's debut studio album called?,"Sum 41's debut studio album is called **All Killer No Filler**. 

Source: https://en.wikipedia.org/wiki/Sum_41 
","The answer states that Sum 41's debut studio album is called ""All Killer No Filler"". 

The source provided, https://en.wikipedia.org/wiki/Sum_41, states that ""The band released its debut album, All Killer No Filler, in 2001.""

Therefore, the answer is consistent with the source.

**Answer: yes** 
"
9,gemini-1.5-flash-latest,How many languages are there?,"This question cannot be answered from the given context. 
","The answer ""This question cannot be answered from the given context"" is **correct**. 

Here's why:

1. **The question is not provided.**  We need to know what question the answer is supposed to be addressing. 
2. **The sources provide information about various bands, but not a specific question.** The sources mention Dire Straits, The Smiths, and Evanescence, but they don't present a question that the answer could be responding to.

**Therefore, we cannot determine if the answer is consistent with the sources because we don't know what question it's answering.**

**Answer: [yes]** 
"
10,gemini-1.5-flash-latest,What did Einstein win the Nobel Prize for?,"This question cannot be answered from the given context. 
","The answer states that the question cannot be answered from the given context. This is correct because the provided sources do not contain any information about the question being asked. 

**Reasoning:**

1. The sources provide information about various bands and musicians, including Muse, Audioslave, The Cure, and Nirvana.
2. However, the sources do not mention any specific question or topic that requires an answer.
3. Therefore, the answer correctly states that the question cannot be answered from the given context.

**Answer: [yes]** 
"
11,gemini-1.5-flash-latest,What What does Rhodes Statue look like?,"This question cannot be answered from the given context. 
","The answer states that the question cannot be answered from the given context. This is correct because the provided sources do not contain any information about a question. 

**Reasoning:**

1. The sources provide information about various bands and their albums, including Audioslave, Muse, Green Day, and Blink-182.
2. The sources mention details like album titles, recording studios, and musical influences.
3. However, none of the sources present a question that needs to be answered.

**Therefore, the answer is correct.**

**Answer: yes** 
"
12,gemini-1.5-flash-latest,Who was the lead singer of Audioslave?,"The lead singer of Audioslave was Chris Cornell. 
Source: https://en.wikipedia.org/wiki/Audioslave 
","The answer states that Chris Cornell was the lead singer of Audioslave. 
The first source states that Audioslave was formed by Chris Cornell, the lead singer of Soundgarden. 
Therefore, the answer is consistent with the sources.

**Answer: yes** 
"
13,gemini-1.5-flash-latest,Who has the most followers on Instagram?,"This question cannot be answered from the given context. 
","The answer states that the question cannot be answered from the given context. This is correct because the provided sources do not contain any information about a question. 

**Reasoning:**

1. The sources provide information about the bands Nirvana, Evanescence, and Blink-182. 
2. They discuss their chart performance, influences, and musical styles.
3. However, there is no mention of a specific question being asked.

**Therefore, the answer is correct.**

**Answer: yes** 
"
14,gemini-1.5-flash-latest,"When was Nirvana's first studio album, ""Bleach,"" released?","Nirvana's first studio album, ""Bleach,"" was released in **June 1989**. 

Source: https://en.wikipedia.org/wiki/Nirvana_(band) 
","The answer states that Nirvana's first studio album, ""Bleach,"" was released in June 1989. This information is directly supported by the first source provided: ""Bleach was released in June 1989, and became a favorite of college radio stations."" 

Therefore, the answer is consistent with the sources. 

**[yes]** 
"
15,gemini-1.5-flash-latest,Were the Smiths an influential band?,"Yes, the Smiths were widely influential. 

Source: https://en.wikipedia.org/wiki/The_Smiths 
","The answer states that the Smiths were widely influential. This is supported by the source, which states that ""The Smiths have been widely influential."" 

Therefore, the answer is consistent with the source.

**Answer: yes** 
"
16,gemini-1.5-flash-latest,What is the name of Evanescence's debut album?,"Evanescence's debut album is called **Fallen**. 

Source: https://en.wikipedia.org/wiki/Evanescence 
","The answer states that Evanescence's debut album is called ""Fallen"". 

The source provided is the Wikipedia page for Evanescence. This page states that Evanescence released their debut studio album, ""Fallen"", on Wind-up Records in 2003. 

Therefore, the answer is consistent with the source.

**Answer: yes** 
"
17,gemini-1.5-flash-latest,Which band was Morrissey the lead singer of before he formed The Smiths?,"The provided text does not mention Morrissey being in any band before The Smiths. 
","The answer states that the provided text does not mention Morrissey being in any band before The Smiths. 

Let's examine the sources:

* **Source 1:**  States that The Smiths was formed in 1982 and Morrissey was the vocalist. This implies he was not in any other band before The Smiths.
* **Source 2:**  Focuses on the band name selection and doesn't mention any prior bands.
* **Source 3:**  Describes Morrissey's role as frontman of The Smiths and his aesthetic choices. It doesn't mention any previous bands.
* **Source 4:**  Discusses Morrissey's songwriting influences but doesn't mention any bands he was in before The Smiths.
* **Source 5:**  Talks about a potential Smiths reunion in 2025 and doesn't mention any prior bands.

**Reasoning:** None of the provided sources mention Morrissey being in any band before The Smiths. 

**Answer:** Yes 
"
18,gemini-1.5-flash-latest,Whose the father of Luke Skywalker?,"This question cannot be answered from the given context. 
","The answer states that the question cannot be answered from the given context. This is **correct**. 

Here's why:

1. **The question is not provided.** The prompt only gives sources and an answer, but no question to evaluate. 
2. **The answer is a default response.**  The answer ""This question cannot be answered from the given context"" is a common response when a question is missing or unclear.

Therefore, the answer is **consistent** with the sources, as it accurately reflects the lack of a question to answer. 

**Answer: yes** 
"
19,gemini-1.5-flash-latest,What type of music plays Coldplay?,"The context does not provide information about the type of music Coldplay plays. 
","The answer states that the context does not provide information about the type of music Coldplay plays. 

Let's examine the sources:

* **Source 1:**  Focuses on The Cure, mentioning their dark and gloomy music, but also their upbeat songs and new wave influence. 
* **Source 2:**  Discusses The Smiths and their use of Klaus Nomi's ""The Cold Song"" for their gigs.
* **Source 3:**  Quotes Blink-182 about the influence of New York's atmosphere on music.
* **Source 4:**  Mentions Green Day's punk rock music and its variety.
* **Source 5:**  Describes Dire Straits' musical influences, including country, folk, and blues rock.

**None of the sources mention Coldplay.**

**Therefore, the answer is consistent with the sources.**

**Answer: yes** 
"
20,gemini-1.5-flash-latest,"Dire Straits' hit song ""Money for Nothing"" features a guest vocal by a famous artist. Who is this artist?","The artist who provided guest vocals on Dire Straits' ""Money for Nothing"" is **Sting**. 

This information is found in the context: *""Money for Nothing"" was the first video to be played on MTV in the UK and featured guest vocals by Sting, who is credited with co-writing the song with Mark Knopfler, although it was the inclusion of the melody from ""Don't Stand So Close To Me"" that triggered the copyright credit, as no actual lyrics were written by Sting.""* 
","The answer states that Sting provided guest vocals on Dire Straits' ""Money for Nothing"". This information is directly supported by the source text: *""Money for Nothing"" was the first video to be played on MTV in the UK and featured guest vocals by Sting, who is credited with co-writing the song with Mark Knopfler...* 

The answer also correctly identifies the source of this information.

Therefore, the answer is consistent with the sources. 

**[yes]** 
"
21,gemini-1.5-flash-latest,"Who played the song ""Like a stone""?","Audioslave played the song ""Like a Stone"". 
Source: https://en.wikipedia.org/wiki/Audioslave 
","Reasoning:

1. The answer states that Audioslave played the song ""Like a Stone"".
2. The first source states that ""Like a Stone"" was Audioslave's most successful single.
3. The second source states that ""Like a Stone"" was the second single released by Audioslave.
4. Both sources confirm that ""Like a Stone"" was a song by Audioslave.

Therefore, the answer is consistent with the sources.

**Answer: yes** 
"
22,gemini-1.5-flash-latest,What is the most interesting thing you know?,"I'm sorry, but the provided context does not contain information about what someone finds most interesting. 
","The answer states that the provided context does not contain information about what someone finds most interesting. 

Let's examine the sources:

* **Source 1:**  Quotes Marr saying ""Stranger things have happened"" and ""who knows?"" in relation to The Smiths. This doesn't mention anyone's interests.
* **Source 2:** Quotes Knopfler about Dire Straits, mentioning enjoying the band's success until it became too big. This doesn't mention anyone's interests.
* **Source 3:** Quotes Lee describing Evanescence's album as ""dark and heavy"" with ""moments of weird and sparse."" This doesn't mention anyone's interests.
* **Source 4:**  States that something is ""fairly unusual, very rare indeed"" in relation to The Smiths. This doesn't mention anyone's interests.
* **Source 5:** Quotes Sum 41 saying ""We want to do something different. We want to do our own thing."" This doesn't mention anyone's interests.

**Reasoning:** None of the sources provide information about what someone finds most interesting. The answer accurately reflects this.

**Answer: yes** 
"
23,gpt-4o,What was the original name of Sum 41?,The original name of Sum 41 is not provided in the context.,"To determine if the answer is consistent with the sources, we need to verify if the information provided in the answer is supported by the sources given.

1. The answer states: ""The original name of Sum 41 is not provided in the context.""
2. We need to check the sources to see if they mention the original name of Sum 41.

Let's review the sources:

- Source 1: Provides information about the band's formation, current members, and origin but does not mention the original name of the band.
- Source 2: Discusses the band's record deal, first EP, and debut album but does not mention the original name of the band.
- Source 3: Talks about the album ""Chuck"" and its chart performance but does not mention the original name of the band.
- Source 4: Mentions a Grammy nomination and the band's sales ranking in Canada but does not mention the original name of the band.
- Source 5: Lists artists inspired by Sum 41 but does not mention the original name of the band.

None of the sources provided mention the original name of Sum 41. Therefore, the answer is consistent with the sources.

Answer: [yes]"
24,gpt-4o,What is the name of the lead singer of Blink-182?,"The lead singers of Blink-182 are Mark Hoppus and Tom DeLonge. 

Source: [Wikipedia](https://en.wikipedia.org/wiki/Blink-182)","To determine if the answer is consistent with the sources, we need to verify if the information provided in the answer is supported by the sources.

1. The answer states: ""The lead singers of Blink-182 are Mark Hoppus and Tom DeLonge.""
2. We need to check the sources to see if they confirm this information.

Source 1: ""Their current and best-known line-up consists of bassist and vocalist Mark Hoppus, guitarist and vocalist Tom DeLonge, and drummer Travis Barker.""
- This source confirms that Mark Hoppus and Tom DeLonge are vocalists in the band.

Source 2: ""Guitarist Tom DeLonge was expelled from Poway High School for being drunk at a basketball game and was forced to attend another school, Rancho Bernardo High School, for one semester.""
- This source provides background information on Tom DeLonge but does not directly address his role as a lead singer.

Source 3: ""When it comes to having inestimable influence, blink-182 might well be contemporary punk's version of the Beatles"", wrote Scott Heisel in a 2009 Alternative Press cover story on the band.""
- This source discusses the band's influence but does not provide information about the lead singers.

Source 4: ""After legal battles with DeLonge were worked out, Skiba joined blink-182 as an official member and began preparations for new music.""
- This source mentions legal battles with DeLonge and the addition of Skiba but does not address the lead singers.

Source 5: ""blink-182's straightforward approach and simple arrangements, which helped initiate pop-punk's second mainstream rise, made them popular among generations of audiences. Worldwide, the group has sold 50 million albums and moved 15.""
- This source discusses the band's popularity and sales but does not provide information about the lead singers.

Based on the information from Source 1, it is confirmed that Mark Hoppus and Tom DeLonge are vocalists in the band. The other sources do not contradict this information.

Therefore, the answer is consistent with the sources.

Answer: yes"
25,gpt-4o,What was the title of Nirvana's breakthrough album released in 1991?,"Nirvana's breakthrough album released in 1991 was titled ""Nevermind."" 

Source: [Wikipedia](https://en.wikipedia.org/wiki/Nirvana_(band))","To determine if the answer is consistent with the sources, we need to verify if the information provided in the answer is supported by the sources.

1. The answer states that Nirvana's breakthrough album released in 1991 was titled ""Nevermind.""
2. We need to check the sources to see if they mention the album ""Nevermind"" and its release year.

Let's review the sources provided:

- The first source mentions Nirvana's global popularity and their third studio album, ""In Utero,"" released in 1993, but does not mention ""Nevermind.""
- The second source discusses Nirvana's first album, ""Bleach,"" released in 1989, and their sound, but does not mention ""Nevermind.""
- The third source mentions that Nirvana disbanded following Cobain's suicide in April 1994, but does not mention ""Nevermind.""
- The fourth source is titled ""1991â€“1992: Nevermind and mainstream breakthrough,"" which directly references ""Nevermind"" and its role in Nirvana's mainstream breakthrough. This source supports the claim that ""Nevermind"" was a significant album for Nirvana in 1991.
- The fifth source mentions that in April 1990, Nirvana began working on their next album with producer Butch Vig, which aligns with the timeline leading up to the release of ""Nevermind"" in 1991.

Based on the fourth source, it is clear that ""Nevermind"" was indeed released in 1991 and was a breakthrough album for Nirvana. Therefore, the information in the answer is supported by the sources.

Answer: Yes"
26,gpt-4o,What does Rhodes Statue look like?,"The context provided does not contain any information about the appearance of the Rhodes Statue. Therefore, I cannot provide an answer to this question based on the given context.","To determine if the answer is consistent with the sources, we need to follow these steps:

1. **Identify the Question**: The question is about the appearance of the Rhodes Statue.
2. **Review the Answer**: The answer states that the context provided does not contain any information about the appearance of the Rhodes Statue.
3. **Check the Sources**: We need to verify if any of the provided sources mention the Rhodes Statue or its appearance.

Let's review each source:

- **Source 1**: Discusses inferior sketches of works-in-progress sent to Seattle for Chris to work on, and mentions an Italian website. No mention of the Rhodes Statue.
- **Source 2**: Talks about Muse's second and third albums, their sound, and influences. No mention of the Rhodes Statue.
- **Source 3**: Mentions a teaser video by Green Day with captions about RAK Studios in London. No mention of the Rhodes Statue.
- **Source 4**: Discusses Muse's tenth anniversary performance of Origin of Symmetry and their headlining of Lollapalooza. No mention of the Rhodes Statue.
- **Source 5**: Talks about Blink-182's North American leg tour and headlining Reading and Leeds. No mention of the Rhodes Statue.

**Conclusion**: None of the sources provided contain any information about the appearance of the Rhodes Statue. Therefore, the answer stating that the context does not contain information about the Rhodes Statue is consistent with the sources.

**Final Answer**: Yes"
27,gpt-4o,"Green Day's ""American Idiot"" is a rock opera. What's the story it tells?","Green Day's ""American Idiot"" is a punk rock opera that follows the journey of the fictitious character ""Jesus of Suburbia"". 

Source: [Wikipedia](https://en.wikipedia.org/wiki/Green_Day)","To determine if the answer is consistent with the sources, we need to verify if the information provided in the answer is supported by the sources.

1. The answer states that ""American Idiot"" is a punk rock opera.
   - Source 3 confirms this by stating, ""American Idiot was labeled a punk rock opera.""

2. The answer mentions that the album follows the journey of the fictitious character ""Jesus of Suburbia.""
   - Source 3 also supports this by stating, ""follows the journey of the fictitious 'Jesus of Suburbia'.""

Since both pieces of information in the answer are directly supported by Source 3, the answer is consistent with the sources provided.

Therefore, the answer to the question is [yes]."
28,gpt-4o,Who was the lead singer of The Cure?,"The lead singer of The Cure is Robert Smith. 

Source: [Wikipedia](https://en.wikipedia.org/wiki/The_Cure)","To determine if the answer is consistent with the sources, we need to verify if the information provided in the answer is supported by the sources.

1. The answer states: ""The lead singer of The Cure is Robert Smith.""
2. We need to check the sources to see if they confirm this information.

Source 1: ""Throughout numerous lineup changes since the band's formation, guitarist, lead vocalist, and songwriter Robert Smith has remained the only constant member...""
- This source confirms that Robert Smith is the lead vocalist of The Cure.

Source 2: No relevant information about the lead singer.

Source 3: No relevant information about the lead singer.

Source 4: No relevant information about the lead singer.

Source 5: No relevant information about the lead singer.

Based on the information from Source 1, it is clear that Robert Smith is indeed the lead vocalist of The Cure. The other sources do not contradict this information.

Therefore, the answer is consistent with the sources.

Answer: Yes"
29,gpt-4o,Audioslave was formed by members of two iconic bands. Can you name the bands and discuss the sound of Audioslave in comparison?,"Audioslave was formed by members of two iconic bands: Soundgarden and Rage Against the Machine. The band consisted of Soundgarden's lead singer and rhythm guitarist Chris Cornell, along with Rage Against the Machine members Tom Morello (lead guitar), Tim Commerford (bass/backing vocals), and Brad Wilk (drums).

Audioslave's sound was a distinctive blend of 1970s style hard rock riffing and 1990s alternative rock. Initially, critics described Audioslave as a combination of Soundgarden and Rage Against the Machine. However, by their second album, ""Out of Exile,"" they had established a separate identity. Their unique sound incorporated influences from 1970s hard rock and heavy metal, such as Led Zeppelin and Black Sabbath, as well as the grunge sound of Soundgarden and the funk metal sound of Rage Against the Machine. Additionally, their music included elements of 1960s funk, soul, and R&B.

Source URL: https://en.wikipedia.org/wiki/Audioslave","To determine if the answer is consistent with the sources, we need to verify each piece of information provided in the answer against the information in the sources.

1. **Formation and Band Members:**
   - The answer states: ""Audioslave was formed by members of two iconic bands: Soundgarden and Rage Against the Machine. The band consisted of Soundgarden's lead singer and rhythm guitarist Chris Cornell, along with Rage Against the Machine members Tom Morello (lead guitar), Tim Commerford (bass/backing vocals), and Brad Wilk (drums).""
   - Source: ""Audioslave was an American rock supergroup formed in Glendale, California, in 2001. The four-piece band consisted of Soundgarden's lead singer and rhythm guitarist Chris Cornell with Rage Against the Machine members Tom Morello (lead guitar), Tim Commerford (bass/backing vocals), and Brad Wilk (drums).""
   - This information is consistent with the source.

2. **Musical Style and Influences:**
   - The answer states: ""Audioslave's sound was a distinctive blend of 1970s style hard rock riffing and 1990s alternative rock.""
   - Source: ""By combining 1970s style hard rock riffing with alternative rock, Audioslave created a distinctive sound.""
   - This information is consistent with the source.

3. **Initial Critic Description:**
   - The answer states: ""Initially, critics described Audioslave as a combination of Soundgarden and Rage Against the Machine.""
   - Source: ""Critics first described Audioslave as a combination of Soundgarden and Rage Against the Machine.""
   - This information is consistent with the source.

4. **Establishing a Separate Identity:**
   - The answer states: ""However, by their second album, 'Out of Exile,' they had established a separate identity.""
   - Source: ""but by the band's second album, Out of Exile, it was noted that they had established a separate identity.""
   - This information is consistent with the source.

5. **Musical Influences:**
   - The answer states: ""Their unique sound incorporated influences from 1970s hard rock and heavy metal, such as Led Zeppelin and Black Sabbath, as well as the grunge sound of Soundgarden and the funk metal sound of Rage Against the Machine. Additionally, their music included elements of 1960s funk, soul, and R&B.""
   - Source: ""Audioslave's first two albums drew influences from 1970s hard rock and heavy metal such as Led Zeppelin and Black Sabbath and from the members' previous bands (the grunge sound of Soundgarden and the funk metal sound of Rage Against the Machine).""
   - Source: ""Their unique sound was created by blending 1970s hard rock and 1990s alternative rock, with musical influences that included 1960s funk, soul and R&B.""
   - This information is consistent with the sources.

Since all the information in the answer is supported by the sources, the answer is consistent with the sources.

ANSWER: Yes"
30,gpt-4o,"Evanescence's ""Bring Me to Life"" features a male vocalist. Who is he, and how does his voice complement Amy Lee's in the song?","The male vocalist featured in Evanescence's ""Bring Me to Life"" is Paul McCoy of the band 12 Stones. His voice complements Amy Lee's by providing a contrasting dynamic to her ethereal and powerful vocals, adding a sense of urgency and intensity to the song. This combination of voices helped the song achieve a broader appeal and contributed to its success.

Source URL: [https://en.wikipedia.org/wiki/Evanescence](https://en.wikipedia.org/wiki/Evanescence)","To determine if the answer is consistent with the sources, we need to verify if the information provided in the answer is supported by the sources given.

1. **Male Vocalist in ""Bring Me to Life""**:
   - The answer states that the male vocalist featured in ""Bring Me to Life"" is Paul McCoy of the band 12 Stones.
   - The sources provided do not mention Paul McCoy or the band 12 Stones. Therefore, this specific information is not supported by the sources.

2. **Complementing Amy Lee's Vocals**:
   - The answer mentions that Paul McCoy's voice complements Amy Lee's by providing a contrasting dynamic, adding urgency and intensity to the song.
   - The sources do not provide any information about how the male vocals complement Amy Lee's vocals or the dynamics of their voices together.

3. **Broader Appeal and Success**:
   - The answer claims that the combination of voices helped the song achieve broader appeal and contributed to its success.
   - The sources do not discuss the impact of the male vocals on the song's appeal or success.

Since the specific details about Paul McCoy, the dynamics of the vocals, and the impact on the song's success are not supported by the provided sources, the answer is not consistent with the sources.

Therefore, the answer to the question is **no**."
31,gpt-4o,What is Sum 41's debut studio album called?,"Sum 41's debut studio album is called ""All Killer No Filler."" Source: [Wikipedia](https://en.wikipedia.org/wiki/Sum_41)","To determine if the answer is consistent with the sources, we need to verify the information provided in the answer against the details in the sources.

1. The answer states that Sum 41's debut studio album is called ""All Killer No Filler.""
2. We need to check the sources to confirm this information.

Source 1: ""In 1999, Sum 41 signed an international record deal with Island Records and released its first EP, Half Hour of Power, in 2000. The band released its debut album, All Killer No Filler, in 2001.""

This source confirms that Sum 41's debut studio album is indeed called ""All Killer No Filler.""

Since the information in the answer is supported by the source, the answer is consistent with the sources.

Therefore, the answer to the question is [yes]."
32,gpt-4o,How many languages are there?,"The context provided does not contain information about the number of languages. Therefore, I cannot give an answer based on the given context.","To determine if the answer is consistent with the sources, we need to check if the information in the answer is supported by the provided sources. The answer states: ""The context provided does not contain information about the number of languages. Therefore, I cannot give an answer based on the given context.""

Let's review the sources:

1. Source 1: ""4 in the US and No. 8 in the United Kingdom."" (related to Dire Straits)
2. Source 2: ""possibly five shows."" (related to The Smiths)
3. Source 3: ""There's not an accent then on the music, there's an accent on popularity. I needed a rest."" (related to Dire Straits)
4. Source 4: ""It has sold more than 17 million worldwide, including 10 million in the US, since its release. In 2023, Lee recalled the journey of early success, stating that 'there was a lot to be excited about, but there was a lot of hard stuff going on in the background.'"" (related to Evanescence)
5. Source 5: ""7 US), and 'Your Latest Trick' (No. 26 UK)."" (related to Dire Straits)

None of these sources mention anything about the number of languages. Therefore, the answer correctly states that the context provided does not contain information about the number of languages.

Based on this analysis, the answer is consistent with the sources.

Answer: Yes"
33,gpt-4o,What did Einstein win the Nobel Prize for?,"The context provided does not contain information about what Einstein won the Nobel Prize for. Therefore, I cannot provide an answer based on the given context.","To determine if the answer is consistent with the sources, we need to evaluate the information provided in the answer against the information available in the sources.

The answer states: ""The context provided does not contain information about what Einstein won the Nobel Prize for. Therefore, I cannot provide an answer based on the given context.""

Let's review the sources to see if they contain any information about Einstein and the Nobel Prize:

1. Source 1: Information about the band Muse and their nomination for the 2006 Mercury Music Prize.
2. Source 2: Information about Audioslave and a quote about Cornell.
3. Source 3: Information about the Grammy Awards and The Cure.
4. Source 4: Information about Nirvana and their Lifetime Achievement Award at the 2023 Grammy Awards.

None of these sources mention Einstein or the Nobel Prize. Therefore, the answer correctly states that the context provided does not contain information about what Einstein won the Nobel Prize for.

Based on this evaluation, the answer is consistent with the sources.

ANSWER: Yes"
34,gpt-4o,What What does Rhodes Statue look like?,"The context provided does not contain information about the appearance of the Rhodes Statue. Therefore, I cannot provide an answer based on the given context.","To determine if the answer is consistent with the sources, we need to follow these steps:

1. **Identify the Answer**: The answer provided is: ""The context provided does not contain information about the appearance of the Rhodes Statue. Therefore, I cannot provide an answer based on the given context.""

2. **Review the Sources**: The sources provided are:
   - A description of works-in-progress sent to Seattle for Chris to work on, which eventually made its way to an Italian website.
   - Information about Muse's second and third albums, including their sound and influences.
   - A teaser video released by Green Day with captions about RAK Studios in London, England.
   - Blink-182's North American tour and headlining Reading and Leeds in the U.K., and their involvement with the Academy of Arts & Sciences investigating UFOs.

3. **Check for Information on the Rhodes Statue**: None of the sources provided mention anything about the Rhodes Statue or its appearance.

4. **Evaluate Consistency**: Since the answer states that the context does not contain information about the appearance of the Rhodes Statue and none of the sources provided contain such information, the answer is consistent with the sources.

Therefore, the answer is consistent with the sources, and the correct response to the question is:

**Yes**"
35,gpt-4o,Who was the lead singer of Audioslave?,"The lead singer of Audioslave was Chris Cornell. 

Source: [Wikipedia](https://en.wikipedia.org/wiki/Audioslave)","To determine if the answer is consistent with the sources, we need to verify if the information provided in the answer is supported by the sources.

The answer states: ""The lead singer of Audioslave was Chris Cornell.""

Let's check the sources for this information:

1. The first source states: ""The four-piece band consisted of Soundgarden's lead singer and rhythm guitarist Chris Cornell with Rage Against the Machine members Tom Morello (lead guitar), Tim Commerford (bass/backing vocals), and Brad Wilk (drums)."" This indicates that Chris Cornell was a member of Audioslave and was previously the lead singer of Soundgarden.

2. The second source does not provide information about the lead singer of Audioslave.

3. The third source does not provide information about the lead singer of Audioslave.

4. The fourth source states: ""As with Rage Against the Machine, the band prided themselves on the fact that all sounds on their albums were produced using only guitars, bass, drums, and vocals, with emphasis on Cornell's wide vocal range and Morello's unconventional guitar solos."" This implies that Chris Cornell's vocals were a significant part of the band's sound, supporting the idea that he was the lead singer.

5. The fifth source does not provide information about the lead singer of Audioslave.

Based on the information from the first and fourth sources, it is clear that Chris Cornell was indeed the lead singer of Audioslave.

Therefore, the answer is consistent with the sources.

Answer: [yes]"
36,gpt-4o,Who has the most followers on Instagram?,"The context provided does not contain information about the number of Instagram followers for any of the bands mentioned. Therefore, I cannot provide an answer to the question based on the given context.","To determine if the answer is consistent with the sources, we need to verify if the information in the answer is supported by the provided sources.

1. The answer states: ""The context provided does not contain information about the number of Instagram followers for any of the bands mentioned.""
2. We need to check each source to see if there is any mention of Instagram followers for the bands Nirvana, Evanescence, or Blink-182.

- Source 1 (Nirvana): Discusses their achievements on the Billboard charts but does not mention Instagram followers.
- Source 2 (Evanescence): Talks about their album debuting at the top of the Billboard 200 but does not mention Instagram followers.
- Source 3 (Blink-182): Mentions their influence and album sales but does not mention Instagram followers.
- Source 4 (Blink-182): Again, discusses their popularity and album sales but does not mention Instagram followers.
- Source 5 (Evanescence): Mentions shots of band members at home due to the pandemic but does not mention Instagram followers.

Since none of the sources provided contain information about the number of Instagram followers for any of the bands mentioned, the answer is consistent with the sources.

Therefore, the answer to the question is [yes]."
37,gpt-4o,"When was Nirvana's first studio album, ""Bleach,"" released?","Nirvana's first studio album, ""Bleach,"" was released in June 1989. 

Source: [Wikipedia](https://en.wikipedia.org/wiki/Nirvana_(band))","To determine if the answer is consistent with the sources, we need to verify if the information provided in the answer is supported by the sources.

1. The answer states: ""Nirvana's first studio album, 'Bleach,' was released in June 1989.""
2. We need to check the sources to see if they confirm this information.

Source 1: ""In the late 1980s, Nirvana established itself as part of the Seattle grunge scene, releasing its first album, Bleach, for the independent record label Sub Pop in 1989.""
- This source confirms that ""Bleach"" was released in 1989 but does not specify the month.

Source 2: ""Bleach was released in June 1989, and became a favorite of college radio stations.""
- This source explicitly states that ""Bleach"" was released in June 1989.

Source 3: ""Nirvana released its first single, a cover of Shocking Blue's 'Love Buzz', in November 1988 on the Seattle independent record label Sub Pop.""
- This source does not provide information about the release date of ""Bleach.""

Source 4: ""In 1996, the live album From the Muddy Banks of the Wishkah became the third consecutive Nirvana release to debut at the top of the Billboard album chart.""
- This source does not provide information about the release date of ""Bleach.""

Source 5: ""Cobain described Nirvana's initial sound as 'a Gang of Four and Scratch Acid ripoff'. When Nirvana recorded Bleach, Cobain felt he had to fit the expectations of the Sub Pop grunge sound to build a fanbase, and suppressed his arty and pop songwriting in favor of a more rock sound.""
- This source does not provide information about the release date of ""Bleach.""

Based on the information from Source 2, which explicitly states that ""Bleach"" was released in June 1989, the answer is consistent with the sources.

Therefore, the answer is [yes]."
38,gpt-4o,Were the Smiths an influential band?,"Yes, the Smiths were an influential band. They have been widely influential and are regarded as one of the most important acts to emerge from 1980s British independent music. Additionally, notable musicians such as Johnny Marr and Alex Turner have cited the Smiths as a significant influence. 

Source URL: https://en.wikipedia.org/wiki/The_Smiths","To determine if the answer is consistent with the sources, we need to verify each piece of information in the answer against the provided sources.

1. **Claim: The Smiths were an influential band.**
   - Source: ""The Smiths have been widely influential.""
   - This claim is supported by the source.

2. **Claim: They have been widely influential and are regarded as one of the most important acts to emerge from 1980s British independent music.**
   - Source: ""The Smiths are regarded as one of the most important acts to emerge from 1980s British independent music.""
   - This claim is supported by the source.

3. **Claim: Notable musicians such as Johnny Marr and Alex Turner have cited the Smiths as a significant influence.**
   - Source: ""In 2001, Marr said Radiohead were the act that had 'come closest to the genuine influence of the Smiths'. Alex Turner of the English rock band Arctic Monkeys cited the Smiths as a formative influence.""
   - This claim is partially supported. The source mentions Alex Turner citing the Smiths as an influence, but it does not mention Johnny Marr citing the Smiths as an influence. Instead, it mentions Marr commenting on Radiohead being influenced by the Smiths.

Given that the answer incorrectly states that Johnny Marr cited the Smiths as an influence (when he actually commented on Radiohead being influenced by the Smiths), the answer is not fully consistent with the sources.

Therefore, the answer to the question is [no]."
39,gpt-4o,What is the name of Evanescence's debut album?,"Evanescence's debut album is named ""Fallen"". 

Source: [Wikipedia](https://en.wikipedia.org/wiki/Evanescence)","To determine if the answer is consistent with the sources, let's break down the information provided in the sources and compare it to the answer.

1. **Source Information**:
   - The band Evanescence was founded in 1994 by Amy Lee and Ben Moody.
   - They released independent EPs and a demo CD in the late '90s.
   - Their debut studio album, ""Fallen,"" was released on Wind-up Records in 2003.

2. **Answer**:
   - The answer states that Evanescence's debut album is named ""Fallen.""

3. **Comparison**:
   - The information from the sources clearly states that Evanescence's debut studio album is ""Fallen,"" released in 2003.
   - The answer correctly identifies the debut album as ""Fallen.""

Since the information in the answer is directly supported by the information provided in the sources, the answer is consistent with the sources.

**Conclusion**:
The answer is consistent with the sources.

**Final Answer**: Yes"
40,gpt-4o,Which band was Morrissey the lead singer of before he formed The Smiths?,The context does not provide information about which band Morrissey was the lead singer of before he formed The Smiths.,"To determine if the answer is consistent with the sources, we need to check if the sources provide any information about which band Morrissey was the lead singer of before he formed The Smiths.

1. The first source states that The Smiths were formed in 1982 and lists the band members, including Morrissey as the vocalist. It does not mention any band Morrissey was part of before The Smiths.

2. The second source mentions that Morrissey chose the band name The Smiths in late 1982 but does not provide any information about his previous bands.

3. The third source discusses Morrissey's role as the frontman of The Smiths and his aesthetic and musical influences but does not mention any previous bands.

4. The fourth source talks about Morrissey's songwriting influences and the humor in his lyrics but does not mention any previous bands.

5. The fifth source mentions a potential future tour and Morrissey's acceptance of an offer, but it does not provide any information about his previous bands.

Since none of the sources provide information about which band Morrissey was the lead singer of before he formed The Smiths, the answer is consistent with the sources.

Therefore, the answer to the question is [yes]."
41,gpt-4o,Whose the father of Luke Skywalker?,"The context provided does not contain information about the father of Luke Skywalker. Therefore, I cannot give an answer based on the context.","To determine if the answer is consistent with the sources, we need to check if the information in the answer is supported by the provided sources.

1. The answer states: ""The context provided does not contain information about the father of Luke Skywalker. Therefore, I cannot give an answer based on the context.""

2. We need to verify if the sources contain any information about the father of Luke Skywalker.

3. Source 1: https://en.wikipedia.org/wiki/Muse_(band)
   - Mentions the death of a band member's father but does not mention Luke Skywalker or his father.

4. Source 2: https://en.wikipedia.org/wiki/Green_Day
   - Mentions the release of a single by Green Day but does not mention Luke Skywalker or his father.

5. Source 3: https://en.wikipedia.org/wiki/Green_Day
   - Continues the information about the single by Green Day but does not mention Luke Skywalker or his father.

6. Source 4: https://en.wikipedia.org/wiki/The_Smiths
   - Does not mention Luke Skywalker or his father.

7. Source 5: https://en.wikipedia.org/wiki/Muse_(band)
   - Mentions the death of a band member's father but does not mention Luke Skywalker or his father.

Since none of the sources provided contain information about the father of Luke Skywalker, the answer is consistent with the sources.

Therefore, the answer to the question is: yes."
42,gpt-4o,What type of music plays Coldplay?,"The context provided does not contain information about the type of music Coldplay plays. Therefore, I cannot provide an answer based on the given context.","To determine if the answer is consistent with the sources, we need to follow these steps:

1. **Identify the Question**: The question is asking if the answer is consistent with the sources provided.

2. **Analyze the Answer**: The answer states that the context provided does not contain information about the type of music Coldplay plays.

3. **Review the Sources**: We need to check each source to see if there is any mention of Coldplay or the type of music they play.
   - Source 1: Discusses The Cure and their music style.
   - Source 2: Discusses The Smiths and a specific gig organized by Morrissey.
   - Source 3: Mentions New York's influence on music, specifically referencing Blink-182.
   - Source 4: Talks about Green Day and their musical style.
   - Source 5: Discusses Dire Straits and their musical influences.

4. **Check for Coldplay**: None of the sources mention Coldplay or provide information about the type of music they play.

5. **Conclusion**: Since none of the sources provide information about Coldplay, the answer stating that the context does not contain information about Coldplay's music is accurate.

Therefore, the answer is consistent with the sources.

**Answer: Yes**"
43,gpt-4o,"Dire Straits' hit song ""Money for Nothing"" features a guest vocal by a famous artist. Who is this artist?","The guest vocal on Dire Straits' hit song ""Money for Nothing"" is by Sting. 

Source: [Wikipedia](https://en.wikipedia.org/wiki/Dire_Straits)","To determine if the answer is consistent with the sources, we need to verify if the information provided in the answer is supported by the sources.

1. The answer states: ""The guest vocal on Dire Straits' hit song 'Money for Nothing' is by Sting.""
2. We need to check the sources to see if they confirm this information.

Let's review the relevant parts of the sources:

- Source 4: ""Money for Nothing"" was the first video to be played on MTV in the UK and featured guest vocals by Sting, who is credited with co-writing the song with Mark Knopfler, although it was the inclusion of the melody from ""Don't Stand So Close To Me"" that triggered the copyright credit, as no actual lyrics were written by Sting.

This source clearly states that ""Money for Nothing"" featured guest vocals by Sting.

Since the information in the answer is directly supported by the information in Source 4, the answer is consistent with the sources.

Therefore, the answer to the question is: **yes**."
44,gpt-4o,"Who played the song ""Like a stone""?","The song ""Like a Stone"" was played by Audioslave. 

Source: [Wikipedia - Audioslave](https://en.wikipedia.org/wiki/Audioslave)","To determine if the answer is consistent with the sources, let's break down the information provided:

1. The answer states: ""The song 'Like a Stone' was played by Audioslave.""
2. We need to verify if this information is supported by the sources provided.

Let's review the sources:

- Source 1: ""It was certified gold, making it Audioslave's most successful single. The music video for 'Like a Stone' was written and directed by Meiert Avis.""
- Source 2: ""'Like a Stone', the second single from Audioslave, was released in early 2003. It was the highest-charting single from the album, reaching number one on Billboard's Mainstream Rock Tracks and Modern Rock Tracks charts.""
- Source 3: ""In 2004, at the 46th Grammy Awards, 'Like a Stone' was nominated for 'Best Hard Rock Performance' and Audioslave for 'Best Rock Album'. They spent the rest of 2004 on break from touring and working on the second album.""

From these sources, we can confirm the following:
- ""Like a Stone"" is a song by Audioslave.
- It was a successful single from Audioslave's album.
- It was released in early 2003 and achieved high chart positions.
- It was nominated for a Grammy Award.

Therefore, the statement ""The song 'Like a Stone' was played by Audioslave"" is supported by the information in the sources.

Answer: Yes"
45,gpt-4o,What is the most interesting thing you know?,"The context provided does not contain an answer to the question ""What is the most interesting thing you know?"" Therefore, I cannot provide an answer based on the given information.","To determine if the answer is consistent with the sources, we need to check if the information in the answer is supported by the provided sources. Here are the steps:

1. **Identify the Question**: The question is ""What is the most interesting thing you know?""

2. **Review the Answer**: The answer states that the context provided does not contain an answer to the question.

3. **Examine the Sources**:
   - Source 1: Marr's quote about ""Stranger things have happened so, you know, who knows?"" from The Smiths.
   - Source 2: Knopfler's quote about his experience with Dire Straits.
   - Source 3: Lee's quote about the album being ""dark and heavy"" from Evanescence.
   - Source 4: Another quote from The Smiths about something being ""fairly unusual, very rare indeed.""
   - Source 5: Sum 41's quote about wanting to do something different.

4. **Check for Relevance**: None of the sources directly address the question ""What is the most interesting thing you know?"" They all provide specific quotes about different topics related to the respective bands or artists.

5. **Consistency Check**: Since the provided sources do not contain information that answers the question, the statement in the answer is consistent with the sources.

Based on this reasoning, the answer is consistent with the sources.

Therefore, the answer to the question ""Is the answer consistent with the sources?"" is **yes**."
